test_score,treatment,income,parent_edu,school_funding,class_size,teacher_experience
84.84398095689468,1,33973.713224089865,14.315443868829103,11292.13917919447,18.716495391726003,3.502093815362012
77.89304402984779,0,28893.88559063052,16.773541601175324,9072.738763483168,20.49293012436078,14.148662089395874
81.19166849235594,1,35181.50830480554,8.503581065452147,8914.637816041733,20.224299974403777,14.05698277245796
100.57755905959752,1,42184.23885126421,13.407423091726427,9252.186157404903,25.571772379054828,4.2586835562369085
70.9160377628593,0,28126.77300221331,10.373393577195433,8428.139877780508,31.93005999794037,14.093888218774303
84.04647589356364,1,28126.904344406554,10.78218654058826,7818.696856945137,33.92520058477053,17.689659592062764
74.39244355614414,0,42633.70252405913,10.519015189402827,12448.812071070248,27.552204405763028,4.387275968777931
83.56201075319235,0,36139.47783322327,9.84002307580046,10305.213061669756,27.003377899777828,5.412485894928682
86.18890580293949,0,26244.204912520385,12.121304069862067,8660.156658768767,17.795769063389045,15.088307334217513
99.61723960336276,1,34340.48034868772,9.922624708972405,7514.649664050794,22.829304801063913,11.35747655412824
83.32895456940943,1,26292.658457500303,12.676142064449596,9207.952745643728,21.848864992367044,12.757381376197616
87.50179260685564,1,26274.161971437945,11.874404726377158,6963.739702244286,22.516609606995537,11.702946082002484
86.57802648835627,1,31935.69817252827,11.402629882833976,12134.446288382598,24.32742472566084,11.953479604640721
72.50975318523568,0,14693.758042737616,9.731090844896006,2295.0638745052684,23.11163768921149,3.3676393584445847
69.23771978863758,0,16200.657339895737,10.558071673579168,7522.091941304433,17.082800758496848,15.236588533107241
90.0150019362598,1,25501.69976607222,13.88847806456439,6771.246508443351,27.991641024470134,15.847949962138868
74.03156576542594,0,21897.35103732461,13.252292969060951,4171.5017521022555,20.709027897040773,8.85304627965986
75.46884817092852,0,32513.97866076219,9.556111888003622,7160.722997081904,25.956987456444597,9.782615250930688
74.19513267885468,1,22735.807395830314,12.248330763573065,5043.257232568938,33.296330678999894,2.3444624872213895
78.02676606876722,0,18701.57038931767,13.878467808429473,5523.72449013325,21.322461633654306,12.571273780089175
83.31181658907285,0,41725.19015137243,7.826486797196571,11476.968513914107,14.878849909014681,12.860287208570721
85.29503637163077,1,28193.789596107716,13.358400480949838,5901.047391149771,23.855983112479556,9.689044915003445
90.09589931098074,0,30540.22563750339,10.343440602635383,7586.347224853882,29.403838539994283,15.621766799352514
83.33552852051393,1,18602.014510292345,13.426496671482898,8935.044344796814,32.833389816882374,8.329613845100297
83.57197380864469,0,25644.938203798538,10.091852108643709,9866.320891151057,20.081801622190333,12.823029629468001
67.1872841598638,0,30887.380717678927,7.487794748338702,8594.492518767796,26.98679689294609,4.901678306539422
67.21175432332782,1,20792.051380621575,7.931143905292093,5274.019801491794,23.138758172879786,9.88223924562881
92.80244211699008,1,33005.58414676537,12.120212366653455,8491.458690127865,24.576206582783456,9.128228710485821
80.39916840485786,0,25194.89048064956,12.649306254303704,7525.758565623223,35.57737338806814,11.126539610204707
90.98380421363767,1,27666.450001653786,9.739208437238979,4871.027370016635,18.988118686419387,8.152365355833208
77.03495855377555,1,25186.347102164826,13.596481146943434,5781.833700694517,26.014958645978293,9.34263702164166
84.59909193820354,1,44818.2254760715,7.8461998443276,7867.388221262696,26.870772687061734,14.13023585720753
67.85456466817632,1,29892.02220209653,11.83480050338171,8271.45179573469,29.34314529975739,7.8161788138089126
63.90139263975171,0,21538.312568352798,8.972459500593859,6678.970021493682,25.391932613883583,1.9671144963066034
96.44613684295342,1,36580.35929682551,10.370409730494602,8178.71689960763,26.23220215801641,18.747919521027104
78.57724502369535,1,20233.25080023182,12.118496678291034,8206.286226638022,23.433405730312835,16.907270393452432
83.11745201531268,1,31670.908760038044,9.84896658679012,5466.195864004829,26.07650776498043,3.538686524471907
67.66910595870661,0,14322.639008961796,11.038611139425436,651.9099918208085,23.627230898010357,13.448539026225973
80.69018769154397,1,19374.511608812558,14.5157320230361,5292.531539323083,27.486287559424202,7.485126147243284
69.56137201706858,0,31574.889886952988,10.557770326192127,9987.919076962557,23.521558655825466,11.317436076655298
90.93232206614817,1,35907.73263996329,14.089230280162855,12344.788542906559,26.508401575608747,11.471120645067469
50.50098631625218,0,31370.946249519766,9.175732863355954,6924.968036642062,24.882948745260087,8.82796099841839
75.45796941316458,0,29074.813740894075,13.324510444788206,9426.06510208611,29.504201003088674,6.081171672068018
67.09608140990875,0,27591.17043528569,15.603921551644751,6820.775669820008,24.794425105646056,6.547294738418703
72.34702869684217,0,18171.82407706058,5.820888749681776,4197.701419383506,17.907870127172473,5.419040422593787
80.57184569790253,1,24241.246332842333,10.007761861323807,7827.631458183928,30.04768600285597,5.840888958847776
87.66758840077937,1,26314.8898323217,13.44268031795135,7883.368214907265,21.377070796549525,9.664108549753223
99.26515182487765,1,38456.977809751326,11.492386534892518,6461.460138469332,22.38493464540472,6.421200054446241
80.95671942217984,1,32748.946316547692,12.927864683428272,11140.317278588715,22.61735482382603,13.4102603285631
81.89564953272122,0,15895.678757098129,10.490037033210449,6734.102397569435,30.49775237268327,17.436230776679636
88.62713976275195,0,32592.67175515836,12.21647446868225,6897.042535770532,16.457303144085216,7.099733793149785
76.04301498645579,1,26919.34175666947,11.610806911519802,7521.442506042185,37.55099413463998,11.197022502676885
92.03800531323677,1,24584.62399755233,14.919455154149517,7134.21637195356,29.224227236264205,12.49842555151467
73.16779265562391,0,34893.41031072694,12.636052108253033,9244.70010932955,25.892955656516637,12.360011354596372
76.5168337762891,0,38247.99617996761,12.844006655188005,8461.388737301062,24.780423997534854,10.379776339580436
81.61585178181568,1,37450.24095292959,10.970307584693831,8019.3135023562945,26.14221629943063,13.713412091798611
74.27391949475869,1,23286.25981421889,10.780984439818766,5770.456811571832,27.084489713517353,12.411244763403285
69.69290178845782,1,27526.300993190285,10.918604530450947,9227.0332868163,27.580862343800227,3.811687888363511
92.36370976564302,0,32650.107451228512,12.986130355945741,9249.727171995994,27.222417864013792,14.345780321946366
80.54641587798695,0,37804.36101697887,10.947538797949342,8709.861590072507,25.358322725020994,14.43645418633371
78.67328690621731,0,26166.60609723768,12.724437142241033,8085.04894560611,24.210646318770696,6.183569479107092
82.59235089169643,1,28514.728186689463,17.188501996613596,1431.596805412215,24.394906865385952,10.18968917723801
70.01057185189792,1,21149.320207951772,14.177811758579232,7584.86145273215,24.220366878589275,13.416644964055347
70.74842225639907,0,20430.347007354634,11.184941169580398,1628.1591942824593,29.53508038746826,8.953430902103193
75.16643897287577,1,36500.206579153586,15.003034805409861,8400.169761982132,27.37422688912345,15.364890238830059
95.12534766523844,1,40849.92022856658,10.979811567446122,7973.140267889357,13.238445461342879,21.819362473096803
62.70082366784143,1,29423.91902735733,6.904688662055365,4766.616805397521,27.623603106119045,6.0700698368250885
99.93636129779009,1,38028.263183136194,9.47978422270649,11828.719370541086,25.7789447788751,3.0947769842311255
82.1051839814761,0,32893.08820038107,7.323020197435361,7287.869647471484,24.92516497421641,11.519092978024378
82.03660940196282,1,24839.041963159005,11.12121628989673,6902.768254251183,23.445926187644456,13.607812525630717
93.50386641710928,1,32891.16484406731,12.046045947973878,8128.950053258459,29.496450879944053,8.845668130776154
89.49813445517059,1,42304.292531727755,16.191093280688207,11530.154787378182,28.790105848491432,17.26630331660517
86.5945755365449,1,29713.391687120387,12.817318434410407,7581.991703900608,21.908489328705564,3.306971001383756
91.66622756905493,1,42517.149246512054,11.45224867797784,8063.302863250874,26.62820914849814,13.464593115158056
70.69824419464284,0,9042.039167282044,14.073513952958724,4253.043430714792,21.113373061834857,6.970695896205533
91.11081767677172,0,36575.22003500179,6.472161727480287,8156.291842427822,19.481527340844277,18.59688953103648
88.9713482791517,0,30696.37654590537,12.589036395271414,4560.93033915684,22.493131101640138,19.96257676584059
83.50283223516205,1,27607.94119627306,13.927162984717416,6045.754977136439,28.449573889531035,6.1667170610832605
59.43334988802783,0,30734.08621228402,8.303534385550396,10685.041134339626,28.812500181504348,7.2522143204570995
67.89820761379208,0,14099.448683192857,14.859385108017323,5225.3056550252,27.052341680389173,14.29793943489901
80.34132410770157,1,28242.624897299906,12.846241018736036,6363.351955509258,27.900383147391988,8.064346751052426
78.40071763742024,0,32856.900572093975,10.961780215247996,7515.709734386636,27.064713148459834,9.772943910338808
82.09634504812817,1,41823.15235793213,13.581954665265712,9812.517987048268,22.43407361910819,10.12694210271205
102.75992424046824,1,25853.83825381082,17.67673214451099,10616.955530574387,26.727690178695763,0.4016342190117186
85.36787906826243,0,23532.0511768545,12.454665637646238,6646.883698676732,28.201638100910728,9.930811269528814
79.13525207929943,0,25985.94365132371,12.62055146575084,7356.569207213066,28.017165319254296,6.5513611296791305
79.81704447122615,0,37323.21694161659,10.85159775114939,11391.371143467833,29.75565348589857,7.53438588800114
82.53981197507542,1,32630.008877277476,9.87538907633802,8635.080537372396,27.833215388804255,17.21816001734407
72.90201672090642,1,25761.91836986369,14.075839541360613,5922.395300824517,26.40579283016633,3.717465528603718
83.81885762229616,1,34106.139464906846,9.859790435227833,8133.835168056755,29.28060095326571,14.066025933739887
80.32423224253621,0,30776.620394784324,12.178915593048481,7550.952579867953,24.89391496300376,8.605185348340957
70.75284578617342,0,37749.15992426311,10.805856383087209,9362.845508046095,21.47250139508913,8.601199157520828
86.05622078827855,1,24383.575248981182,13.19744956436598,7551.152899519255,24.347732144224945,13.951859480258557
78.04751935587632,0,27378.702827217854,12.83415526321737,6948.567478419062,22.020389420774205,11.700256472844453
72.18593935452502,1,26863.13477494274,14.593849860644749,8181.063848166844,22.299286900102473,12.853064986097655
66.07341279319088,0,18291.88041494305,10.724959002863132,4411.5369435185985,24.42192531713793,14.840923302664304
80.63117086614494,1,32368.962216516607,11.325312661766572,8249.510934761332,21.830320316000154,8.343458084083386
89.85645697137622,0,32088.442177439116,9.553090710544232,4025.7091752955635,23.76815388144384,6.938816327461248
81.94717699686473,0,30040.907653139686,10.88926684980972,9342.882262689884,17.425541332184856,4.57424736721101
71.0706971239195,1,28123.302932998824,12.94325123261213,7723.802685045692,25.853174829491753,5.872947350105225
88.74376186305064,1,18677.034063596686,13.89247154161338,6665.278735618476,25.004821901448896,24.745472126543625
63.322908871753214,0,26634.837417877126,9.694586689555937,866.1985980819027,21.731645475727237,16.22339790368393
90.30679755085932,1,27258.283867785845,14.17401480026415,10991.320376507916,27.63698267372962,3.2446281689598937
76.206065147219,1,23581.781846227048,15.389094647012378,5616.266205246415,28.750280550506233,3.3877102162821497
81.46909632028714,0,28709.714306671925,13.033587258059253,9393.794210143014,18.569760542524104,12.409330308592457
103.05980174923968,1,33232.40685451631,16.691989531395166,6228.2898593780155,21.94910088573514,12.736323986889834
79.6539180125084,1,45089.487209684245,10.065527002241067,12497.9196125462,21.923430600850807,12.744419176586822
63.83294647488762,0,31396.62250265471,8.888363241721457,5742.324499316365,21.240387595564542,8.725221032231511
72.5889917454817,1,32060.403125782115,7.553199377739303,6767.5628600539185,28.317899367726994,9.3727286999855
92.57763930568278,0,29404.432673870662,15.740110778722958,11179.170876201239,24.224695444908786,11.639397620796787
61.838997169135254,0,14649.830277607669,13.635914140885145,3281.092767875224,23.941940634757557,10.429465031466652
53.36060432764342,0,29787.888996406266,11.861038322723862,7881.837995461012,16.984550542372986,-1.096501863737675
79.935895004221,1,30481.84167952821,12.699921565799551,9360.59588125956,27.541672120836907,8.851001847124031
96.68733625172518,1,49705.93689988229,9.186277381754058,13417.848000915781,20.04296642058611,5.742967828698432
99.38853771681582,1,28461.11228175102,18.114379949042068,7416.115880724908,25.23973052106531,10.87605709454256
86.96440064286708,1,32412.3787386689,12.323052954938069,8833.016689599675,26.109507751832766,24.92629501301705
80.58274482983717,1,29722.305842358055,12.273486986512232,12237.407631066064,30.442634383354605,11.837408327371522
84.01270984449599,0,20650.575699043744,13.81441655974673,5047.406330693765,19.764718403523553,8.43235156913801
73.77032928605473,0,39142.582516120165,13.202523079341784,10187.843722459977,12.921951376716699,14.609007509886261
80.3138134962549,0,36015.46426149419,12.559710060697828,11105.17485738877,25.73539817901478,12.413439436046064
85.40411093665672,1,36328.255576344374,10.02381386138672,11293.115760002062,32.20204472604341,12.100472452259206
84.08734520019627,1,22724.90036164209,13.178670892839989,8055.285701531282,29.95578541175775,13.034252966078355
94.84308459564288,1,41222.354487488796,16.705061241187586,11583.049065930569,25.838637661098502,20.282717824147706
78.61703201264471,1,18785.191497661755,15.363550115387444,2410.288048954472,23.03345525747181,4.345557823370422
70.51302559389617,1,34694.85675040216,15.982966566598492,11940.577252202733,28.22849038654924,12.368160384057273
83.9006563442509,1,47523.64500647983,10.721960808922038,9588.22046558258,21.105815201182125,5.368094350092308
79.61439190982053,1,22075.709398954492,9.525987949353548,6124.198280216689,26.905431077424875,12.777563231711241
69.85783139062772,1,25469.618163177824,11.68553269975088,4858.8528407557405,27.02188063666651,5.4065674425695285
82.10667855138142,1,30797.21092070113,12.139312280721736,7571.026036989298,29.24083962999552,7.913165931974579
78.80706058419436,0,25972.194767070407,14.735478796177372,7150.573512374563,36.03864015564431,8.524550428810468
65.29765214372311,0,17594.692551470936,7.768838425712952,5041.38756876828,26.569663868715068,14.879083596723545
92.12791850432609,1,30548.50379844822,15.823875798651535,8480.967458082625,22.964145497170005,14.592272219712068
64.41317138556037,0,21501.57029019116,11.604980253552526,8602.815110665084,24.89770275123202,3.771413117768078
84.82159199176792,1,33788.73944508145,10.93279732513145,9354.253464298323,17.923696380443527,10.274670554999243
79.5852287925386,1,22644.606126129576,9.46973906184958,5172.838260951096,22.221147475643768,6.452100726254137
85.31813157487888,1,42399.47524014032,7.862858320335577,12528.043146611793,23.362870247547583,3.7074754466233273
78.6003727590104,1,23733.973661310105,14.057926459904786,8312.434393176807,22.90364640826163,8.914914747878148
77.0880768688119,0,27423.507870354595,12.18329491797101,4400.661337314664,25.60941948813489,8.457586057720901
90.40302965393693,0,36508.13773895736,8.775097750647365,10321.834574439057,21.710320270471197,22.13358243172761
59.16320375138051,1,20153.085468528356,8.76230306984096,6440.616851753885,29.484122669297886,12.16479912680348
89.73844686834245,1,31819.679476833036,11.16053825177468,7359.792862488275,25.000828259672787,3.111912496228814
90.83529344492212,1,40457.14203425942,16.17255381322348,12865.699135188093,24.962798715445544,7.176129979145289
80.17975508397755,1,17140.13412351018,11.351021621590988,3984.922356812491,23.688421133948328,15.106916477146992
93.31070673155094,1,31477.070868258434,8.242142617204735,8120.420624007693,25.620762735435918,20.442213864349625
68.08373493220714,1,32079.06235398739,11.38564233978514,7673.621939929108,28.30039305867054,2.070083438810208
77.09901563713655,1,36254.58297421849,11.318191075630823,9094.803838717557,21.5314791371564,0.6003780743047749
66.22041873121631,0,20104.394312975346,5.257783392646071,2833.548404453433,22.367534043698974,19.35482587685891
71.75058588697816,1,19436.34709532579,11.86426283370547,1978.9850086428587,23.78509588489334,11.94807088685452
100.29721131036692,1,34175.53252493518,11.422663674478304,11732.89325768374,19.61651630610714,5.658536340618168
81.09120409136187,1,32375.87738586549,13.740515912033546,6400.046649829716,21.72296856111401,12.673145430612177
79.99856692404286,1,32003.94280276701,16.622390237363362,6018.201001779138,23.095116505821363,-3.178738695084389
87.48056720456174,1,32771.5856759758,14.816412573869393,3886.116191786521,28.49755672285091,10.016877532985806
70.20920882014839,1,24559.802227372074,11.327778273612923,4862.027061464014,26.0502453160077,11.639105864215427
73.48220344949505,0,31858.029577288027,9.233685228145823,5318.32780750701,25.774359645470177,14.621350697689149
92.76860796376516,1,32344.57978638945,18.43339950812465,11370.175266870101,28.403591848671887,4.930520238537311
73.51108970805403,0,24285.188655789058,12.14804608503622,8090.9313426325325,24.450512846402415,10.428435807016795
88.15556741985554,1,44926.19608915805,12.034823229782365,9855.248331934066,26.56185939971556,5.372876869702063
82.8080423885724,1,33790.6633672943,11.939687282224991,12952.537452512192,24.587112988270015,11.276918778371586
61.07178257050389,0,20469.57202237881,12.495211901919637,7080.92397957789,26.061449397598516,5.52326838818488
83.16693548209952,0,35252.42886907064,11.639098970190144,8163.444450250415,22.66896536955367,7.959495804198896
89.05184836299044,1,22202.54663818143,10.565844982799408,551.8252297982108,15.244731366894284,5.020923026048854
83.12678533380566,0,36296.67682993961,10.63285264689902,13656.054352666386,24.462883351254785,13.255681209118286
84.56804578898331,0,39268.76463205923,11.918116824460004,7038.046224487616,30.690992544399762,14.292255583283326
75.26362593902141,0,23434.541453186317,10.641438072165588,2567.837869382796,28.704861608966368,8.82689715021293
68.84161598133926,0,37707.00903395457,10.217885543307089,11471.893122507923,28.861589938364684,10.191189974800142
96.63372442335401,1,33302.247415491984,12.266075569229741,13205.066666551542,29.94452288722487,2.7570429268322796
88.04305789524057,1,36576.48127995592,11.362556956447861,11912.665957010016,25.35463036384575,8.501616759966065
111.91947503964043,1,45174.34386123158,15.759982471456722,12421.404205412615,25.789262829622384,9.748976914791276
74.68756440718784,1,28036.895071977036,5.3725754790174705,8198.732451324831,22.5293924182626,23.103965455149876
95.07296107507932,1,23970.110685140084,14.728767129806155,7699.358788845637,23.735708575891802,4.440164871129182
86.09090980742738,0,22883.884562995812,15.115212981244072,7238.828320322484,27.463084599084567,17.32088619376219
77.95825312343484,1,23473.517720276493,6.816524418979626,6430.762278007875,29.815537748675265,14.98429386732904
84.4161590430676,1,29383.186324687165,11.143281014799129,7554.198789075544,24.442214897276003,11.403182022450682
80.56883092796221,0,32729.21579853315,11.071397835010522,8057.117693834243,23.199242940594353,18.793102420975668
85.3614353531847,0,32213.526394640154,8.481220763205446,6545.452420926686,25.00211183542639,11.860527363034315
85.72581975461847,1,36617.46599228819,10.055458281022812,8593.016344338499,27.40482699571646,11.945795978339644
59.7316734202697,0,30104.015135023255,9.223560386335429,4140.090155365043,19.224580735465832,9.734396734912274
85.00003264995965,0,41628.27261725854,16.380676108559058,10210.388900725135,15.815276187451047,16.117844412093138
80.55262403032377,0,27882.74533409635,14.339195982868652,4993.5041192222525,22.797852602033664,15.482346169054418
102.18338180293914,1,51761.35333271695,15.178887737485397,10733.159698747695,20.117150296343365,6.871613562518938
85.79126396350968,1,35005.33878212005,13.804180160108087,9111.12299783697,22.967439209410756,3.4037640270061633
85.34238270596123,1,23142.73954866974,9.177370571956928,8569.689459856632,24.408878724730116,8.985096813021714
57.20786600272588,0,21432.8600155111,10.688699334300566,7194.848215882402,23.187006363907948,5.999807178011768
80.22931150789452,0,33859.77932194548,13.223436403069796,5323.943623240017,30.80987013788298,9.682377126923225
65.72586018872693,1,28212.297717393194,8.944680477770136,5073.818156207623,26.30697905840928,16.187190673420695
94.37433406177531,1,35712.00395273673,13.78249607543097,10809.543364160616,26.201897438443314,7.71349172456605
77.3926982573154,0,33785.90099658836,11.399186504604662,6481.500462070471,27.488828576173606,9.785883093442125
86.37082188587604,1,29417.368698745016,11.062947981126007,6905.075874692205,20.444667528876924,10.290113674041976
70.84174852703765,0,23225.65025545276,13.777399920508728,6906.516761912294,29.156447149681075,14.242154411026423
81.21578883647659,1,17881.222202513083,13.1106582787151,2533.616640901,24.69694285385816,-1.2344466699230257
86.02006149822138,1,26427.88038346383,11.0975845854523,6817.721108157878,27.68192246896485,6.966498526173517
96.54395636535901,1,36851.19035458778,14.89832450841062,6544.746598810536,20.712571067839377,11.056418461397364
83.73716804514565,1,31712.74995304163,9.297341681000256,6725.4522003579805,18.784964935935744,16.000394782134308
81.55498283183314,1,20034.089770304097,13.53983901736066,5648.086310861098,28.271558632100113,7.540487762468974
74.81226615788093,1,31385.447406809457,13.48275314492096,4660.374384639026,26.505638104390066,0.6172364697906296
93.68816387271073,1,33082.53903783069,11.226133901715023,9151.58423537847,21.39179378256996,13.098557229830682
86.85326549185898,0,22929.140510390935,12.815332555605295,5693.009529744371,21.52134767490122,6.823188055871853
85.40198192860622,1,31229.800847564224,8.872216059036742,8912.430120725352,29.50173913765908,4.051666704548193
75.63199799667214,0,30465.669747567998,14.310067548017253,8064.2457050213225,20.242352428530687,6.8782730514338795
78.37672335058862,1,20856.237617355015,11.537744658892528,7942.340264286442,31.570691813023853,9.077373211720753
72.45877494046707,1,32862.298882786265,10.693192448702401,8466.023725992382,21.397517061408525,6.976276677308936
83.27770334224694,0,34486.27621094588,14.622523064592222,7762.757970485964,27.553567702433533,-1.0278302854953463
92.27610628555456,1,38664.409945402214,10.239140773643102,9910.697492415122,23.68552609700406,14.485330984435661
64.38914578027112,0,38430.41641627922,8.478846759091102,10694.20016214258,27.412749724329373,16.374375206393612
66.11430267409463,1,18978.645056343274,8.108427066190242,4842.381404737227,22.82354399154323,13.257609956697529
71.54568645534887,0,22497.399680679016,13.515024878364098,5705.533302577519,24.348828375710823,4.311571647875917
73.27375239928162,0,34120.28213766928,8.798926618759292,7126.08715880381,25.163676701582883,8.99254233026241
81.39669439685066,1,34110.28760729767,16.38698545496091,7201.770066722522,20.99125017687411,9.967393423852709
77.01257144537405,0,34120.38149044838,6.795176480290695,5724.884829012708,27.963297381680505,12.993971947809552
111.75109437030713,1,60821.851925237774,16.241140920725094,18704.61646768332,22.947145734113658,13.341702443590403
82.82592493141082,1,34567.124085545336,12.527543668006546,6154.054550603763,24.085600338639924,6.329131006107521
82.29199716465615,1,39084.52512144479,11.758217220324019,8385.320884769384,21.022602501565952,10.409977782067802
98.65199946180917,1,37632.01410794562,10.637702282977626,7971.188995848011,14.750665364818758,12.286402023076207
100.12755175800173,0,35211.13001044639,12.997840285880176,10592.63125650048,24.235888949599325,17.279111610733832
76.17723191434588,1,27477.846042877234,11.90591324393788,6279.562154135253,34.65046168645166,13.522532699123616
86.06736951761788,1,36071.75376394614,14.758254705041303,11513.422586334002,28.138417151592094,13.945283436877595
78.3503254838793,0,23817.398283699426,12.285569121655099,4607.36832243712,24.922958481062423,10.419133139646805
78.01891885330386,0,28105.45114607993,12.375754403654694,7584.3511109675865,23.94843668316693,17.05229572601752
74.05679838252445,0,26117.091617367172,11.09096946946536,4858.578797822278,25.089863571248184,12.048813979797487
88.22982687411135,1,30654.99311509058,11.857635940697332,11954.046534319423,27.18847646070084,5.6945604491321475
79.42153634069608,1,48517.268533388065,12.769504422230147,9754.12029528799,20.27674873876462,17.016849850625952
73.25171043693294,0,15061.878459266016,7.724579018358436,4385.111035270559,29.45728677867549,13.489516362695138
81.51930751218337,1,35490.08152299611,8.629536444735717,10140.074142613224,27.861525261764974,7.784779894357588
73.62772199101812,1,17098.273030482786,13.858160235056788,5102.166452523693,27.87274290283174,7.602535163003783
75.76733405907915,0,26224.54507368453,12.427163595319854,6185.5609506657165,26.75390295523891,11.482877725703808
88.09886469759525,1,38711.60477573893,11.540041659118302,9418.25979446788,25.07846663077596,12.315923976337924
69.17579206849076,1,30514.2401527637,12.046084832663484,7716.182982149145,27.69144494386728,10.986461328156032
89.72993464828343,1,21378.04177656555,12.868954263404177,5050.506440884411,27.367256534965513,11.556543367214424
77.9503717245594,0,24277.570325920256,10.650600799226597,7997.150815069884,23.583837156235905,18.499786872881902
86.88382534587268,0,35436.78199147741,10.054238186494219,13280.241501052054,22.705592908412395,15.357715761174429
82.35881182052123,0,24157.06694626291,12.489613137744204,4924.28316655006,25.407425181047948,10.953177956325122
72.06637520250483,1,31731.6687166558,9.55406805596242,5193.311220005795,31.19608060598075,14.706552903837416
82.75833696616706,0,30364.57471923051,13.020631889286179,7414.579583105118,20.043571697384397,4.837380482362303
72.1479849047891,0,24787.197219153462,7.743540989405399,11356.217980097003,19.12989893699024,11.989635249734045
107.26481423263702,1,47151.55271460261,14.57288909331411,10180.53904271119,25.65904336494607,19.04653174866555
69.87352169609868,1,35071.35217854409,13.181493706032608,12046.071655524158,25.203550807424072,8.90977052303813
68.07356560636059,0,13798.859306739143,12.64007433578469,6805.116454837667,25.693366657481633,5.761830356904576
75.11420418396064,0,31491.63451815542,14.456727459863785,6765.732146122866,25.975812791634002,6.739555557034697
86.76142306295412,1,24705.708281852894,16.16368611115644,7314.393228833775,24.10719098146078,4.551834813288059
86.81488013267372,0,36819.46667836979,14.535925162545325,12461.659915849523,30.95945375440833,6.076190459361483
64.72201324039646,0,23659.834092538396,7.397814421670887,5156.703041159625,18.596384086093938,8.147459507049856
71.21237456685944,1,29082.108468264807,8.801057583160746,6863.366396861478,21.686011900879016,2.9721649041067897
77.4745889507972,0,34039.898231843654,10.437953555760803,7346.612730063626,24.58698095940381,10.078091669748016
82.58411797534764,1,36926.04155336097,12.065227625527084,7201.996926954509,18.42724475538333,14.511385868933235
83.11492554699227,1,20397.62874355379,13.294147551172808,3800.8520957564333,24.296582382271716,5.461219099265398
71.88964497230906,0,27323.99011327241,10.185640467116336,4383.1169947935905,31.645880662912074,17.596419618208845
60.39114491906683,1,26200.43751071235,12.466916911192696,6618.27631419654,25.083545953183847,12.553960442637973
71.39820219116056,0,24773.366139410304,10.111542669116695,4653.395072735292,25.922803622874735,15.152902928120287
79.99818441336132,1,44123.63392224877,10.471205492520129,11498.480304143688,19.95934093930968,6.710827230739315
68.72936331561093,1,33239.853687687646,8.483347257879444,5198.172129514656,22.53455436784209,14.272626135333079
64.39391807511356,1,19912.92836531964,9.69191688472274,5639.992555758824,23.499214478704253,4.540330498023435
81.93458690739728,0,37342.89557643821,8.620788485959165,11002.781817327403,23.729139612975064,14.451237504182544
95.4785568071684,0,46977.249576101065,9.560316867556669,7756.841108882356,30.126575180015074,10.859196698967656
94.48613015981427,1,38259.72208440918,14.634104491519599,10313.043660797439,27.2307642429005,12.766256099923918
63.91703854279197,0,17845.040272367893,9.626502777920143,6916.598053038558,20.55416817225187,4.122026971875742
84.47856151459526,0,26126.12741706999,18.580955162093478,4112.249816885087,25.98601911372802,5.5246507886169764
87.91985497156246,1,40135.28919349298,13.233294752202223,13378.967072048652,26.992886993987142,12.986141091266923
67.27220040453021,0,24338.644275049755,12.462090309237185,6922.6990874945295,29.560596154085065,5.258259978878996
71.57848846649547,1,33550.55542516983,9.854105549546967,6977.615144775639,31.322162746273495,12.316031460495616
72.16437080107582,1,36197.072427434694,13.750774698522479,8937.729951543262,20.939623232688525,3.1643109676987713
72.33333601801121,0,22584.55622737534,10.560905434405566,6762.79288188728,21.756569955158646,14.24087106333334
78.58876420920939,0,29523.797151505598,12.305024536613404,7532.960070701222,19.969688564341535,3.837383426157455
77.10665830884227,1,4069.861279447421,18.400211345671988,2094.9773047545937,24.063920563572076,12.761499688397617
70.30201849337269,0,21804.898869325683,11.759850250688375,3609.8775311726886,26.86543349778534,13.128154668230003
70.58440170191986,0,27979.454788854717,14.87318331571419,7333.5853452858355,28.949338066356407,6.516140907852126
74.96643579067833,0,20017.734544281204,10.24205893718528,2177.0046422603405,24.69619590542991,12.910132835423635
79.13495625687369,1,43059.29043145308,11.912528773757595,10542.37048516587,23.720609906980624,11.30221131666778
85.40197328704055,1,18558.868976314938,16.427001589088775,2831.901961149155,25.60703196899496,7.305790719036309
70.12371824358858,1,26479.64410642413,10.432582355530581,5148.851141426499,21.659428393479907,4.957226579618959
72.39952943258835,0,31045.92461828873,16.531121394992322,10233.667504993056,33.35815488677909,0.18687154163710495
81.76088015781707,1,41530.186312528924,13.769379838638688,12565.16681932077,18.569355891527763,11.748250236498468
68.43656072913858,1,18513.102790564484,10.59383306026433,5846.551939455475,25.7389623155829,2.175986143189724
96.2148079008881,1,39305.31001723968,13.581019347638803,7641.7019749647625,33.09442487691856,10.476720997206542
84.51907998462254,0,30081.864488156698,14.431386124066824,6887.64922264957,25.02719937823999,8.682758919588755
84.87379418705527,0,22147.930791616393,13.55452490554299,7963.178097862465,24.23984385999402,13.395713877190978
84.84504295361731,1,33696.82779410617,8.074438200273859,8707.64077580635,23.570218308758292,8.489772502550679
73.82831966926543,1,31592.47756458776,10.182157060437829,12536.778471110329,24.27843327295037,8.352761068264543
77.21128282657489,1,25198.26498272964,11.381203411121238,7086.201924471154,30.49139389870612,13.659353521441478
75.40220847163607,0,30558.416679920152,11.813916427249884,8023.702402960102,16.152552354681973,11.675290145420588
92.0807436919533,1,26917.491225105918,13.551680243876696,6111.1398778714765,31.133734805185302,11.580779785913892
72.24969690899627,0,30908.138762009985,12.444252502333134,7994.116500067061,19.30417139019942,12.346337949042631
86.97010191173266,1,35297.045396168374,8.661639103224747,8519.321676281006,23.933390683062342,2.322139383964471
97.31642962172984,0,42688.13452916282,12.950494627514908,12088.250985667884,23.28302231880535,13.783943399934909
93.20567681523504,1,20097.47600938521,13.526464363209557,6937.77363593547,27.35421307908288,13.062343970068012
90.07752127479635,1,47064.26699725013,13.3994761198276,10194.087828296633,18.60750259246501,4.916584357117514
80.15739533908348,1,14383.297603819985,14.701951813886554,933.3584938394401,26.848690664327773,8.779597631628993
99.32020377905457,1,28785.719239715334,14.08480538637226,3524.0190637222404,33.09723849314741,9.803463561861845
83.67358062411455,1,34706.53765187661,13.147950198071092,9692.61706679424,19.547303981628758,9.327516077991337
71.38472898428455,1,32247.93494188026,11.824585721353383,5855.250523122318,25.758824670441584,11.669299832842674
58.564542034559814,0,25018.40384143525,7.847597666210022,1948.8197744538465,22.352071288813562,17.156833909155917
90.95013952223488,1,28335.021997141797,13.074045547831464,7860.912708347378,26.70354882477214,15.408833638364143
61.03115693842869,0,26055.99252272934,12.519219217907779,11499.997165547917,25.07659110966301,3.4389040328429683
80.46093331319305,1,25285.08194444631,12.678947092988434,6309.128663031791,22.43405236382276,13.110349951530242
89.5991775376546,1,36796.8167761682,8.808128560449227,10876.185742945334,26.951489139484295,16.64466659767705
76.74089126103273,0,32856.12388772038,9.297358648979344,8377.689689025225,32.21739243914697,11.934042603446013
88.641509080885,1,24456.723237914768,14.63288213333226,5916.4015030964065,24.236384833090806,15.454902125929834
87.820067603717,0,37196.799003466,11.901112115358362,11137.352716842039,27.87903176859273,20.061352228503825
95.57858419116091,0,32458.396167012874,13.70375174343156,7534.049953375916,19.826908168515345,15.118547730534907
75.54308453220652,0,36502.89695071168,12.070795940326153,9660.508865821725,21.174254492727965,11.246542978208645
82.0949035500858,1,35037.0307353889,12.074390348739364,9402.653296239252,26.88962511152151,15.225442370423767
69.59060562550172,0,23368.039912623422,14.345709514939994,4505.829070869759,30.93646411414386,10.724439165484457
80.51081683290596,0,25518.551678424243,10.709888179456565,8363.722618679107,26.42245339514264,10.119515216424777
94.18525661846925,1,35978.348840986095,12.240301942352458,8644.667696855706,23.747767877907382,8.242928821431338
91.07524145922557,1,34882.96212346772,10.844311778237394,7209.25021188124,24.997165621693416,17.81706679416054
86.3840616523417,0,29832.787248286815,10.91375943141921,8531.21649921251,19.99836906412113,5.907856670289993
75.02752576053855,1,30938.619066470255,11.227069691328401,5937.718803035489,27.418061305421467,17.66183862339058
104.69341297164388,1,40221.319166307396,12.555334429084283,10111.692106315106,28.52933224929364,12.499320618701857
88.19597586229234,1,25267.42888931336,10.803128445841306,6298.619229039933,23.19163866866768,3.003469125990293
92.59174430544128,0,34376.7790493603,15.139390313933802,10765.985894003232,23.119831408961993,11.838246464957107
84.26798189318173,0,28382.458780528847,9.76348174445124,8045.011160892117,26.063512918608193,-0.5001325382581197
70.38362199942536,1,28258.55037418224,11.532820889596602,7014.583676055272,23.253121055837617,13.127540084155179
79.56907595951188,0,38790.21481589752,10.900672354314562,11333.086302374953,24.73546954149671,14.426157414944955
82.04962244572549,1,36603.33079190424,15.617444710884332,11931.247796010688,33.39888715666606,7.038220221739732
94.60139996745534,1,36508.077088005106,12.491386941278936,10242.639884705,24.01189719701601,10.61773847977791
87.09739565226674,1,40443.83045723463,14.579611348671587,10131.66285399542,23.56663939191511,19.770787168751433
83.8410810124513,1,30168.03073306207,8.28609906740757,4918.335218565198,22.409832777459364,7.471266478690317
90.15022283631254,0,35455.623770359714,12.667625664673148,6733.678616439183,27.97676788599975,4.705462064716998
87.7783908181998,0,27517.86594725235,14.224076989058592,6269.017078103752,24.275103307127587,17.408317012312992
86.57032611180101,0,32593.330819907536,12.20570997318856,6929.308300658318,22.402507846714297,19.812935952653973
76.25729195420611,1,28958.855565058522,14.663700937663378,6865.771285293738,30.28521612909205,10.018478359239237
75.5571878786696,1,30775.967719941746,10.70677887474907,7807.291779779651,30.678412018054548,15.057315177041781
104.42896721898698,1,34761.25620349531,15.52336860046395,9749.699559587289,22.59830573704518,16.707379577654407
92.72010788938476,1,23454.23453413222,17.747245309048125,5722.561077414873,17.533840194557534,6.28757883730808
89.42126736289033,1,46739.09820548368,11.092903598900852,12657.777839023323,29.03005475934769,7.573470823160658
77.50086499442757,1,21951.860948002384,10.88624369649807,5616.914066620837,22.261480696959985,16.154372565773674
63.92219100722995,0,20286.49109769814,15.633461192794252,1120.6896417167927,28.162502396651075,18.425071393542545
81.58335950713476,0,39264.886988000544,15.948930364326781,7937.5509593626275,17.119584729152656,12.814404300871773
98.807782308545,1,36333.30155170349,10.692849932116829,8795.15027648264,28.570389353197235,5.6009282324897285
73.57913167458977,0,34992.95853641724,10.949532957260356,6328.850148422094,20.155312282876874,19.935305558497205
80.22721962110515,0,35026.76407411424,11.295538477848732,9956.548478520968,27.923056476266098,7.345145510940178
87.34104200302598,1,29902.025817224683,8.638873722414306,10537.008118993566,25.057092271345738,8.324311094142741
69.6887406707612,1,22821.965028113347,9.703370133789505,8143.01496042297,21.18424232241342,11.711689172448107
80.4438626768148,0,30606.43646554981,9.48964808311983,7224.723374527037,23.37185474829288,17.77080210357387
81.50569682617592,0,24582.706307903107,10.080506087239678,9127.128850675681,27.745273827826804,14.269879882761119
88.43309948648302,1,37800.95786734201,11.913287781533047,9747.574381239727,25.423577812460938,12.074327501809552
105.80897871506502,1,28823.540947982892,12.585536831341301,6531.713294759645,27.337651921889936,12.316442650590531
69.10461854853412,1,23396.022425659907,15.876251232035193,4622.200279333098,32.90576233806194,10.21757334321733
89.68607010872128,1,27428.913266776053,9.504114898153023,6252.288943717756,18.743033553155794,12.790697572592531
74.33027243127063,0,33303.451634205,14.460805996191459,7549.509271468792,31.468850299874497,-2.6478003884715147
85.12594917810789,1,25490.2035775682,11.465027889436227,6713.383339143026,25.41742375009285,8.516962704651007
84.11709998881315,1,23422.23683546855,11.876340725868918,6176.707170966866,21.40486380670749,11.206609674583905
79.58341723681306,1,31949.4976919353,13.68704873041651,7993.466463290653,19.67874549704404,4.244929581902465
84.04728247733695,1,31959.732568869782,9.193194946094254,8863.809481710145,24.243518436891865,11.9316165890578
67.05502457828764,1,25944.454597030963,12.956024365460127,8867.406198830424,28.68660044769784,8.977643895069392
90.31498110128474,1,26231.693555053418,12.41613052053264,8457.031659646002,24.489803518489865,18.77737849157745
88.57711610754133,1,31856.39949886109,13.231128160020372,4994.303937815465,31.044619720989388,17.865098626074282
76.00317928706485,0,18415.325268021406,12.722921609769545,-504.0109527985578,19.195297239793764,7.670972154409186
91.58852635007185,1,18740.28980498756,18.138250349777238,6553.712273725437,24.951644208615782,9.245811442166524
76.19645365433911,0,24252.446229980513,10.40565003937171,3329.354160664286,19.990426222347523,9.630262171958037
80.26004373101777,1,28292.422786305222,10.672507612495457,6623.574892790938,26.45452753049987,7.741702619201886
69.06677916414858,0,32487.260524784037,10.44214868393809,5781.58907907729,28.5475495603892,10.975124920140633
79.6389794181967,1,41802.849735596414,10.611307202099363,6846.751558739064,23.316952825275788,6.208589655562049
96.67990493497442,1,36861.276985616154,10.406532181733706,10298.244702813614,14.583144573491463,4.3469233253123685
98.75041307030662,1,28720.49176029258,14.97254132776888,8698.43326067844,25.79579258718598,13.113556119501343
85.81184372909671,1,29847.87033677849,15.551260619974638,6308.946782741184,26.74695420693404,13.147647921109055
68.50884213490255,0,21979.76508289753,10.57313426562631,312.856686434563,26.61717901984679,5.978421201700038
68.32428121671526,0,29851.89491206088,9.919111067239427,6370.484831510255,29.943128767288616,14.476777153812998
92.60484193696453,1,27690.730888638893,13.17853889096601,7706.290732964816,20.715785281403804,6.842111354173343
87.2756889300107,1,32581.748482704716,10.619442389297571,5187.6139831279215,27.7208644218018,11.265826190189905
95.80829946146979,1,23382.152451581416,13.582329544388777,6212.257952453665,29.7700300499119,14.101720063062281
80.81414924971325,1,34154.77211392938,12.50730755212825,8508.073330136354,17.885649663973933,9.831937176481436
83.03926806261651,1,42261.91130402062,8.21063971250692,11724.060825207333,26.27860730367591,12.273704560705673
88.76755335746088,1,29129.91881234514,15.868763003325153,7521.640439914591,22.983280675969315,7.417851780562142
94.88623785949972,1,33213.69377679153,16.489694182738805,6357.285562434771,24.673909307593416,9.017667082859514
77.5308940696209,0,35521.1519336889,10.468028273789034,11273.43098675121,26.390705934153345,8.970702845598298
72.43419215444706,1,26790.23622491331,11.030746100160039,6380.499910174388,23.05108574354579,6.267108267298806
92.6886139054619,1,31792.739854483334,12.714663476812262,7893.575884600969,22.297167683353553,9.116129184421089
86.28946270016745,1,30100.73920625436,12.836141974967562,5658.648883417198,25.136609669952097,2.2569085056812668
73.22956988499404,0,30781.408788390654,13.646360681682076,6808.787694714643,20.65101624454879,7.544231264289476
95.83245212154581,1,23815.921729156267,17.025511346915874,4184.375004235265,20.65669948445926,8.575622533151646
90.6850651316132,1,30196.08139407154,11.557631931264876,7203.128228671039,27.717493131826014,8.7191012375231
81.09635896355002,0,33983.9863299636,10.004256888653865,11919.413542775586,20.404823859365376,8.792512770646105
84.67024806759669,1,41609.148862360336,8.551701929963683,7658.484929727371,27.66525000363685,9.691179000699355
89.66314765975262,1,37674.166608681655,10.172674900145202,6191.418856416931,26.850365171415806,12.39720759043032
89.28001509562392,1,47225.459660092456,11.917182567815507,14748.70557001033,18.096773084837615,14.372585370662613
79.61364389151895,0,23861.219496895603,16.48639465879447,5546.657519920169,22.28974139065738,6.751173865758664
62.647941170021625,1,36978.56509376543,10.705971752409571,7906.495796121524,29.77643761218949,3.983995723054278
86.52218777944543,0,31466.736045906815,12.559469879097247,9946.493386268856,21.075337875441274,4.789777938784486
72.16589902262528,0,47518.423465741376,11.95894275981812,10668.374786961616,23.14238295076245,7.563985394025364
93.88948712014493,1,23533.613717158787,14.97098318362021,9535.42285638357,26.848243573007586,8.240393410917454
82.37557807388434,1,23282.22526255379,18.317331064684055,7176.408058316986,28.133562037130382,6.150019669012714
69.62521545241563,0,25204.858836447824,10.672828067699198,5325.39189282055,23.993844455822018,3.5194166787505274
64.0556386858948,0,13008.834205521543,10.776401393704445,7566.824977911393,22.609959221233435,7.719395862629058
79.97342930000987,1,25793.95982655391,14.61040219267268,5237.060110631801,30.68947944679403,10.907133100569856
86.73906876480417,0,23926.938707570414,13.70472872406578,7465.925420911218,31.955598655190315,12.975147329177823
67.07024315269943,1,31203.15029180966,16.616768314340085,8399.372733765398,28.91543220312718,7.2128847344583935
96.8913809327777,1,32734.047806217277,13.459820463314909,10786.994530351916,25.341272570260095,7.93501088928283
93.96747824172677,1,45009.36671372709,11.101769773032352,14375.364071885477,21.766937113436295,5.366508455763446
74.67285268356873,0,37603.390705488404,13.476637076730773,9464.855974503635,21.67822237377374,9.842804148126119
67.94021118482286,0,25384.770754700774,14.771758951457269,4839.356947982827,27.09005642106303,5.757856829045927
89.60516744776277,0,22812.682629213137,14.051205452993411,6623.114943181517,26.673592883554736,12.865639066206
73.33822435662668,1,33935.35337205204,13.268185077768244,7128.407603508798,30.60639437178572,1.0706675403294437
66.97653343901091,0,19438.134343834863,14.666686723972884,8886.30808101196,27.601800370144556,8.201851637737688
108.3353014228478,1,44651.670126834826,14.923238976114181,11435.988193874182,18.98767879296073,11.50553669595871
94.63590577552984,1,39435.520965770294,15.455397477593818,9128.237138818356,29.207790470891673,10.919172581612521
82.48110679025105,1,26246.594783162363,13.621774718974107,6931.009307520408,21.00775749074235,23.46516831990248
71.55643035004587,0,16294.92376727298,11.582204799207863,1379.4783627588517,23.464114912190595,11.749000122839538
77.60962407016092,1,40830.978993323304,12.366784216083307,8264.516671309522,26.000800825006777,4.9797270157899485
93.08286333149074,1,29083.681237979057,15.016272416270892,9671.748125383616,32.982669959135855,9.522678764554636
88.25661007427908,1,39902.530495787694,9.95766082253191,8661.844066004132,37.439674224021445,1.1187683326677416
73.98169220913266,0,17244.578729645065,12.921683272182253,2217.322717047387,27.42689223654473,9.597001253516195
75.8084459418769,0,25204.99981636982,11.016652969181598,7374.555459147027,24.26721352511845,5.834719714996207
99.25804486552778,1,30041.949597745464,12.071862057337043,9881.89570876236,27.1380225939222,14.576951377800809
85.46605007518444,1,30375.844750117936,15.196129656518247,9031.867808859617,28.550621703495345,7.252298627022325
68.37243755083972,0,26399.47622816605,12.477747670049759,8591.964428653146,23.71732949777123,9.416170421023766
86.09472810983978,1,34982.79945877999,12.116091370390372,7232.109687556076,32.18084542364929,6.822210792977983
86.41460023343781,0,21459.036564939244,8.600359647550203,2521.1378077511235,25.920283036765607,18.694256759266658
76.3923468207729,1,28860.964119829652,13.865633915068052,10217.908333868387,26.990972356365578,8.393786169410442
80.385721483446,0,30962.36505369519,13.613710452852688,7095.231585739526,27.663697008217845,19.162785217396006
96.48103970445582,1,34115.510672469994,17.40813680826365,8027.211635207404,26.686346442457822,14.070758810591332
80.79248868747776,0,35692.91902471112,11.230554412617497,11579.618039875895,28.35576200187845,12.410333636676931
68.47136880441515,0,21002.86326529705,12.547875819159847,6363.175835125582,22.530987253812306,11.8436657365876
86.17033165217347,1,17727.08663411502,12.623459209276888,5343.547202691971,22.76679298421588,11.968986491081257
113.4552501290828,1,40221.41457518807,15.943633199408687,14385.358333599186,20.59938306811322,0.3616371032719492
79.54267211248157,0,32658.512095836733,11.761761169032619,6877.591563198897,26.758004922480907,8.605583029246217
70.1651227606618,0,24012.10770754757,12.697553814425849,7858.707183049367,28.115746014048455,14.225789855921608
77.18225194197872,1,42409.21580418018,13.519741274291349,10716.330200839215,26.831091464607542,9.755514082629473
76.67099631250672,0,30925.39707434287,12.466522807890895,8268.53382631223,31.69796973339015,2.974050765982125
92.9269118808793,0,39434.37747251061,10.883915963623679,12915.531220952716,24.977615924683814,9.737977747112653
90.78028554844497,1,30540.14785128087,12.48522498224577,8650.708475399466,27.67496662237005,18.520527581277456
94.95394413840381,0,46485.9833990559,14.68407937464943,12698.08800786324,20.633196495442743,16.234458577673596
83.58736671117039,1,44042.72673954564,9.43371175147235,13155.696359506013,23.451601190102394,9.689979953169841
74.73317415605925,1,28008.28681216741,12.33242418536719,6272.166243956082,27.78215103026311,14.757246385290433
90.59022827808259,1,37772.567607634846,10.249697962652068,7764.722567230699,28.396408442972575,8.167464898159741
93.80395485536638,1,35163.00759668118,14.987616572312106,6701.133511128228,23.824132209343272,1.4806420658664052
67.87505167673045,1,40949.05246025879,8.192032738040563,6304.549936312695,24.713602992567733,5.377670059352228
89.7069903330868,0,22280.612315359165,10.602695381821029,9682.567338720437,18.928505013276762,17.81444384254099
91.56363988560463,1,35488.41167998751,12.943029687661301,6665.686188553512,23.571883196773562,8.630034590853478
103.40919415452092,1,38467.395894796704,15.913810073085852,9174.341726527631,28.561532654079144,8.78308010312491
59.55787765321074,0,15930.084108615085,11.83562434731753,3428.89442737593,27.300820064426265,8.500809018625597
64.79963579746824,0,20533.9318986738,10.612001183267004,5748.296370286652,27.00266288552484,19.520682947865033
77.14590685409843,0,13686.142577919196,16.702892673601475,5053.010069558392,25.19909474872384,18.129794576810315
81.42596819633988,0,27844.74532444354,8.37996524895939,8682.133307830376,25.028252634512707,21.09390116724067
95.38078341132878,1,35740.3380463677,6.502985108449796,7768.929634454049,22.358715442106213,9.204773947999744
97.53052505370727,1,42018.85641676823,13.10003612513333,10170.470676619234,27.79531368081014,11.478122443735476
71.65993330782709,0,30592.758243358203,10.744864439118473,8213.34946181615,26.68389177755756,2.416787252896045
75.24396227816345,0,43028.92436457034,9.446917957173216,10259.848838775491,26.968075391971198,17.384672130591373
86.6686768029281,1,18959.18833428087,13.770891118248382,7954.4882356102025,22.89586062932968,4.161102243660325
72.95495694172739,1,16372.940485158762,12.609501784427998,5075.1850245661935,16.386628320515022,11.083877818813146
91.08736534854924,1,29555.61840882705,10.589803423158179,8858.660174306397,29.38861084701478,4.51348736183578
73.50793287269113,0,33072.52359151446,8.799239003322764,9593.89343521344,23.084650175966384,7.055665866306519
93.36492014964418,0,29738.442015247256,14.181143320700361,9781.558218782464,21.54889694382752,5.813687844751499
72.95958700805822,0,13460.463199680988,13.625502944896652,3727.1589173276607,27.773915647655976,6.96062369662091
74.9703941389406,0,29287.039683897692,11.752060340551543,4728.09602506273,23.431949440323482,7.304386484255107
71.94756121213318,0,19564.243995961173,16.616592490119164,5690.436902495577,29.239745536186486,7.258656025374615
75.64578563695369,0,35357.380390640305,9.324788084184618,7536.631310076418,27.46802379830679,14.166669558901535
80.46474729381673,1,32932.785968774784,8.186187072688153,7175.963128694182,27.73427729280191,4.475686034687399
74.74211459677049,0,22480.961709381158,10.270229825296889,6792.968464855476,19.536177155197862,11.102707135069334
77.8676302618376,1,25889.064661306453,11.886034959111255,8948.832308193885,29.847775941545603,16.089795761527792
76.49580566783844,1,21526.291824888387,12.60834862330673,5424.11610969422,26.045002124935426,7.434018177433019
81.95523870005587,1,29498.567221814625,11.396909855359175,7992.307830651584,23.522891443015187,6.410405546261991
70.33156644600444,1,37641.1385640099,12.880138491285742,12814.714530272951,25.573553869369004,8.847376874098746
82.80046884100916,1,22114.19162931565,8.87115143952389,6010.054266306049,17.89505906840672,15.898626041803551
83.02591968690763,1,34032.372124142756,15.609411510183149,13711.459259396479,26.634611245922684,10.970538154766789
72.23907583729783,1,25757.939053020473,11.794622054018578,7570.504054518206,20.882513967271713,7.343928526962007
71.96069727256318,1,23657.017341901246,14.793239578970319,2392.728817163676,19.589318856625862,12.419383255940199
69.56254886466363,1,29143.757120363538,12.85681336594426,8792.62252229995,18.910563255128437,4.488539250817883
70.29332624809317,1,21718.06142064501,13.141883047884459,6191.832124926807,29.450753499959703,13.40679755221474
74.30056888387514,0,25570.805557222542,13.42441820058051,8972.206897471127,22.482946425228846,12.043036538508838
85.68496633946802,0,20416.976859289214,13.119271400043287,6450.60691736222,31.134910839666,8.46095764430558
87.96501583933743,1,45717.80106333111,13.60680689966886,11152.53829786523,22.856794147790808,5.807071007763845
88.26757402247077,1,30282.10841577383,15.322881325331078,5121.930631364726,18.17056816962821,5.566595388582714
80.78454567735598,0,24402.195936059317,12.491302924253675,5682.502469442778,20.533902240205364,12.674086681729552
87.79695139379143,1,31711.839285873775,13.77250939397128,6226.9189130498435,29.943246480027753,16.14490251244531
80.31564371065986,1,29101.375602473363,11.775660764281934,6114.297001008896,24.37640728825333,6.813461264856026
79.03070545265935,1,28232.243203734215,15.600293038623683,8235.217609774772,22.806850814037595,12.291933517757421
92.902166202102,1,34913.3336003474,10.309019244851825,12068.142408789663,25.640072903411152,-0.43513509301034325
106.0555304001333,1,36060.06168037844,16.502351082277038,9804.358479740573,27.00713094467018,7.076911346714002
60.721546928646326,0,25755.99081911578,11.899605123389142,4047.2315807085765,29.469595263609843,9.84470533564549
60.19760122394544,0,25393.45407484256,8.42306224470488,7237.568855150922,30.793996919571704,5.451582915090832
79.36885106381496,1,27799.586422786848,12.320261037276973,9343.159578988014,23.560925416843656,5.31746812605202
59.46776564971213,0,11584.630682115323,10.297370856312797,1676.5918618900664,19.695809255671847,6.661102217655569
78.13660195099534,0,17878.47150241158,14.101608872471811,4201.58354225706,23.346139355506896,11.460963641631865
80.17902511867823,1,40934.9941395562,10.368440051744022,10263.124924347443,26.041122026331543,9.063354907968126
100.75701684543736,0,43159.74170801027,10.884541416963051,9220.138800838087,21.144964295157557,-1.191156166624861
77.91915822739527,0,28007.711683548972,7.276148172636173,8298.488788574961,21.17139634041983,-0.6035007631753313
84.54503944464878,1,34612.45570444613,10.869234201877308,8411.21762889597,26.37515152619954,6.965674110714123
82.007198004445,0,32490.00123634829,5.940301683427609,8961.565196901127,24.805390593718194,12.28843293026776
98.06543373076273,1,54631.04646764191,8.040242941285692,11882.777261306277,25.131187981646345,-3.7375242136261733
80.21286255851153,0,38956.59929147661,13.901036640360743,8864.233222222332,21.966018661199723,7.501349119241847
78.1301823927515,1,28976.659268153868,13.96450039662708,8688.92753269401,24.078397143176932,7.368760717412894
84.25835151517799,1,22355.676475196593,13.063643904462412,4843.252814615615,21.303067422926784,16.94168889104224
72.84306634209507,0,17148.42943793942,9.582559642176967,7741.035061951665,28.560793644499146,8.074890941435681
84.36181388968735,1,31627.709086937786,11.88072160964505,7107.654900505242,29.140997338895012,11.914944923704642
65.63096761889699,0,23949.194037725574,11.990993652273579,6436.667960935165,17.615248551047625,10.706285700437316
60.03723392325849,0,18621.970323218608,9.104088277018644,6520.674244550832,21.28195655923036,-0.6528323990360025
81.61366990685848,0,24827.41692605979,15.758495754417876,3370.1227656488836,19.013882979639682,13.841036083158686
80.42144645214725,1,21347.61597108484,14.193405726439178,1815.2863688096586,22.399904262372406,11.076982527281439
108.89193189523783,1,43497.13308058052,11.44758956542584,7822.97064100494,24.666248120838556,12.541343198372948
80.57034334018905,0,37053.1180555956,12.067214597486327,11788.447720753265,19.20141912120588,29.631188532181632
84.38685451234798,1,29936.218869467062,12.52095701986888,6380.338425581872,21.312560747498747,-0.42056469749294223
98.69754839112034,0,41839.55311112021,6.895662828939273,15576.286849116557,20.984170511674005,18.62348324880554
99.91438621589373,1,30618.946461180945,11.382056543698507,6526.241417980459,25.829069317595774,8.562762402998223
74.78777682002263,1,23109.726389373893,10.295039380005504,6146.534203737547,25.277377348145002,11.436644522015047
93.3820793178343,1,42184.99261815726,9.495949975262711,13630.468059675066,22.113049786650986,9.77243877349379
84.73240586260302,0,34311.28034947727,11.297249267785112,12590.005863687562,25.707283488557593,7.878818333009782
80.92662337464645,0,21702.03076538835,16.494216317123808,9548.514844619884,22.813279661650938,7.150835358806207
85.13128364854619,1,28477.290575331135,13.602107153167525,9536.05510501907,23.913379558695787,11.647543677865045
76.16297138760916,1,22995.05397292194,10.572052525543008,7796.88854485341,31.693808361194147,2.4141315166416044
56.298293506592685,0,18937.60215228531,13.431456953390397,5919.454436473694,30.36184420716139,13.752895837608827
